,date,TO,R,hosp,rad,conf,conf_j1,dc_tot
0,2020-11-12,0.965599051008304,0.712412397462083,32654.0,134923.0,33172.0,33172.0,29673.0
1,2020-11-13,0.966192170818505,0.682530628728419,32676.0,137124.0,56966.0,23794.0,30400.0
2,2020-11-14,0.959865559509688,0.658918038385416,32468.0,139110.0,89061.0,32095.0,31025.0
3,2020-11-15,0.964808224594701,0.641595149025396,33050.0,139779.0,116289.0,27228.0,31598.0
4,2020-11-16,0.969355476472914,0.630205132413407,33466.0,140849.0,125695.0,9406.0,32375.0
5,2020-11-17,0.956504547251878,0.623936115118959,33139.0,143121.0,171217.0,45522.0,33074.0
6,2020-11-18,0.940885725583234,0.621454113835834,32811.0,145360.0,199600.0,28383.0,33770.0
7,2020-11-19,0.916765519968367,0.621171931978762,32314.0,147538.0,220750.0,21150.0,34470.0
8,2020-11-20,0.902728351126928,0.621417169791679,31875.0,149490.0,243632.0,22882.0,35122.0
9,2020-11-21,0.888295769078687,0.620941829508893,31365.0,151146.0,261513.0,17881.0,35646.0
10,2020-11-22,0.887900355871886,0.6191912650661,31522.0,151650.0,274670.0,13157.0,36131.0
11,2020-11-23,0.877421905891657,0.616470958618055,31449.0,152561.0,279122.0,4452.0,36902.0
12,2020-11-24,0.845591142744168,0.614036187040659,30594.0,154648.0,288277.0,9155.0,37626.0
13,2020-11-25,0.81771451166469,0.613730632545788,29944.0,156521.0,304559.0,16282.0,38278.0
14,2020-11-26,0.792012653222618,0.61727669197683,29282.0,158205.0,318122.0,13563.0,38888.0
15,2020-11-27,0.765322261763543,0.625979091845899,28620.0,159884.0,330581.0,12459.0,39552.0
16,2020-11-28,0.744365361803084,0.640561817337528,28139.0,161106.0,343161.0,12580.0,40036.0
17,2020-11-29,0.740213523131673,0.661028138494857,28284.0,161396.0,352945.0,9784.0,40505.0
18,2020-11-30,0.73922499011467,0.686670877015023,28229.0,162250.0,356950.0,4005.0,41182.0
19,2020-12-01,0.71055753262159,0.716124695804877,27611.0,163998.0,365033.0,8083.0,41816.0
20,2020-12-02,0.687623566627125,0.747882062772183,26986.0,165532.0,379097.0,14064.0,42396.0
21,2020-12-03,0.67516805061289,0.780551743245429,26675.0,166909.0,391793.0,12696.0,42991.0
22,2020-12-04,0.649070778964017,0.813002495243764,26283.0,168321.0,403014.0,11221.0,43544.0
23,2020-12-05,0.636615262949783,0.844513879128257,26040.0,169327.0,415937.0,12923.0,44029.0
24,2020-12-06,0.634638196915777,0.874806118031421,26262.0,169555.0,426959.0,11022.0,44474.0
25,2020-12-07,0.630288651640965,0.903800638488818,26333.0,170254.0,430370.0,3411.0,45111.0
26,2020-12-08,0.608540925266904,0.931527895238441,25882.0,171837.0,444083.0,13713.0,45759.0
27,2020-12-09,0.599248714907078,0.958104257517547,25526.0,173216.0,458678.0,14595.0,46326.0
28,2020-12-10,0.583036773428233,0.983713574161467,25199.0,174627.0,472428.0,13750.0,46889.0
29,2020-12-11,0.568208778173191,1.00857882172025,24943.0,175860.0,485834.0,13406.0,47464.0
30,2020-12-12,0.563661526294978,1.03290664479234,24948.0,176712.0,499781.0,13947.0,47929.0
31,2020-12-13,0.565638592328984,1.05686311297715,25207.0,176964.0,511314.0,11533.0,48350.0
32,2020-12-14,0.572558323448003,1.08056604871698,25449.0,177616.0,514377.0,3063.0,48992.0
33,2020-12-15,0.567615658362989,1.1039184988053,25207.0,179056.0,525909.0,11532.0,49570.0
34,2020-12-16,0.561486753657572,1.12597722008262,25282.0,180280.0,543524.0,17615.0,50130.0
35,2020-12-17,0.553183076314749,1.1449126123565,25149.0,181475.0,561778.0,18254.0,50659.0
36,2020-12-18,0.54646105179913,1.15823969412573,24945.0,182634.0,577452.0,15674.0,51185.0
37,2020-12-19,0.537366548042705,1.16307892932634,24819.0,183540.0,595017.0,17565.0,51645.0
38,2020-12-20,0.54270462633452,1.1567509869734,24961.0,183775.0,607816.0,12799.0,52047.0
39,2020-12-21,0.541122973507315,1.13830158447407,25201.0,184433.0,613613.0,5797.0,52669.0
40,2020-12-22,0.537564254646105,1.10868399900451,24932.0,186027.0,625408.0,11795.0,53321.0
41,2020-12-23,0.534005535784895,1.07077479163442,24852.0,187241.0,640337.0,14929.0,53868.0
42,2020-12-24,0.522538552787663,1.02895905159176,24607.0,188608.0,661971.0,21634.0,54429.0
43,2020-12-25,0.517200474495848,0.988506799055599,24359.0,189414.0,682233.0,20262.0,54859.0
44,2020-12-26,0.521945432977462,0.954444264386026,24444.0,189687.0,685326.0,3093.0,55276.0
45,2020-12-27,0.523922499011467,0.931182021619037,24620.0,189910.0,694148.0,8822.0,55720.0
46,2020-12-28,0.532621589561091,0.921469434849347,24645.0,190691.0,697108.0,2960.0,56354.0
47,2020-12-29,0.527085804665876,0.926263084766004,24743.0,191775.0,708503.0,11395.0,57009.0
48,2020-12-30,0.524317912218268,0.944790290788724,24560.0,193014.0,734960.0,26457.0,57583.0
49,2020-12-31,0.518979833926453,0.974510171998923,24407.0,194190.0,754887.0,19927.0,58105.0
50,2021-01-01,0.515816528272044,1.01134855547686,24263.0,194870.0,774235.0,19348.0,58509.0
51,2021-01-02,0.520363780150257,1.05095047146395,24458.0,195143.0,777701.0,3466.0,58936.0
52,2021-01-03,0.526888098062475,1.08923420274391,24780.0,195355.0,790190.0,12489.0,59323.0
53,2021-01-04,0.525306445235271,1.12265799231203,24962.0,196006.0,794212.0,4022.0,59972.0
54,2021-01-05,0.517200474495848,1.14852596889902,24871.0,197472.0,814701.0,20489.0,60588.0
55,2021-01-06,0.515421115065243,1.16545086288807,24708.0,198725.0,840080.0,25379.0,61142.0
56,2021-01-07,0.508699090549624,1.17330895975445,24488.0,200048.0,861783.0,21703.0,61689.0
57,2021-01-08,0.515223408461843,1.17296704051553,24377.0,201255.0,881597.0,19814.0,62236.0
58,2021-01-09,0.514037168841439,1.16597090016823,24240.0,202134.0,901774.0,20177.0,62675.0
59,2021-01-10,0.51799130090945,1.15425878926505,24526.0,202398.0,917718.0,15944.0,63097.0
60,2021-01-11,0.527085804665876,1.13992307559118,24812.0,203041.0,921299.0,3581.0,63678.0
61,2021-01-12,0.529458283906683,1.12500358356429,24703.0,204359.0,941052.0,19753.0,64304.0
62,2021-01-13,0.534005535784895,1.11112754973707,24735.0,205641.0,964904.0,23852.0,64804.0
63,2021-01-14,0.536971134835904,1.09948496161627,24983.0,206771.0,986132.0,21228.0,65357.0
64,2021-01-15,0.539739027283511,1.09085910088906,25009.0,208040.0,1007403.0,21271.0,65908.0
65,2021-01-16,0.539936733886912,1.08547161847517,24985.0,209025.0,1028809.0,21406.0,66372.0
66,2021-01-17,0.546856465005931,1.08302877676161,25235.0,209312.0,1045451.0,16642.0,66784.0
67,2021-01-18,0.554171609331752,1.08285163759276,25584.0,210169.0,1049187.0,3736.0,67458.0
68,2021-01-19,0.559311981020166,1.08396545556701,25532.0,211785.0,1072795.0,23608.0,68098.0
69,2021-01-20,0.561882166864373,1.08522060786313,25650.0,213211.0,1099579.0,26784.0,68679.0
70,2021-01-21,0.566627125345987,1.0855569312784,25699.0,214507.0,1122427.0,22848.0,69296.0
71,2021-01-22,0.573744563068407,1.08413499095575,25872.0,215791.0,1145719.0,23292.0,69886.0
72,2021-01-23,0.570581257413998,1.08054778834912,25864.0,216694.0,1169643.0,23924.0,70387.0
73,2021-01-24,0.584223013048636,1.07482138621878,26357.0,216934.0,1188079.0,18436.0,70830.0
74,2021-01-25,0.599248714907078,1.06733481680682,26888.0,217677.0,1192319.0,4240.0,71546.0
75,2021-01-26,0.6071569790431,1.0587284974728,27005.0,219121.0,1214405.0,22086.0,72167.0
76,2021-01-27,0.612297350731515,1.04973939935981,27131.0,220539.0,1241321.0,26916.0,72788.0
77,2021-01-28,0.613088177145117,1.04095882611726,27128.0,221872.0,1265091.0,23770.0,73403.0
78,2021-01-29,0.616844602609727,1.03278686333285,27270.0,223143.0,1287949.0,22858.0,74029.0
79,2021-01-30,0.613483590351918,1.02545856227319,27242.0,224089.0,1312341.0,24392.0,74542.0
80,2021-01-31,0.622380387504943,1.01903925489276,27573.0,224375.0,1331576.0,19235.0,75008.0
81,2021-02-01,0.636219849742981,1.01331628943768,27874.0,225288.0,1335923.0,4347.0,75734.0
82,2021-02-02,0.64650059311981,1.0078105455042,28029.0,226865.0,1359260.0,23337.0,76409.0
83,2021-02-03,0.645907473309609,1.00186498968403,27953.0,228441.0,1385622.0,26362.0,77037.0
84,2021-02-04,0.640569395017794,0.994687201199751,27766.0,229944.0,1409070.0,23448.0,77665.0
85,2021-02-05,0.639580862000791,0.985472616850236,27572.0,231518.0,1431209.0,22139.0,78577.0
86,2021-02-06,0.63562672993278,0.973828915885925,27327.0,232662.0,1451795.0,20586.0,78768.0
87,2021-02-07,0.644918940292606,0.959888392213349,27652.0,232946.0,1471510.0,19715.0,78939.0
88,2021-02-08,0.662910241202056,0.944385126159885,27995.0,233962.0,1475827.0,4317.0,79397.0
89,2021-02-09,0.658758402530645,0.928630719078811,27634.0,235686.0,1494697.0,18870.0,80121.0
90,2021-02-10,0.654211150652432,0.914379293867864,27417.0,237082.0,1520084.0,25387.0,80417.0
91,2021-02-11,0.657769869513642,0.90343290790619,26963.0,238722.0,1541147.0,21063.0,80777.0
92,2021-02-12,0.652036378015026,0.897447369935354,26424.0,240259.0,1561848.0,20701.0,81422.0
93,2021-02-13,0.651245551601424,0.897515971902917,26196.0,241323.0,1583079.0,21231.0,81621.0
94,2021-02-14,0.652234084618426,0.904061093004288,26401.0,241597.0,1599625.0,16546.0,81788.0
95,2021-02-15,0.666468960063266,0.916830362381927,26478.0,242497.0,1604001.0,4376.0,82200.0
96,2021-02-16,0.659944642151048,0.934874518796354,26195.0,244207.0,1623591.0,19590.0,82786.0
97,2021-02-17,0.660340055357849,0.956606241502162,25929.0,245706.0,1648609.0,25018.0,83096.0
98,2021-02-18,0.669039145907473,0.980248531581582,25717.0,247096.0,1671110.0,22501.0,83367.0
99,2021-02-19,0.668248319493871,1.00402325522901,25506.0,248457.0,1695226.0,24116.0,83938.0
100,2021-02-20,0.666073546856465,1.02622935214319,25269.0,249520.0,1717597.0,22371.0,84121.0
101,2021-02-21,0.670620798734678,1.0453452235769,25464.0,249727.0,1739643.0,22046.0,84280.0
102,2021-02-22,0.673586397785686,1.06021062689687,25831.0,250532.0,1744289.0,4646.0,84613.0
103,2021-02-23,0.679122182680902,1.0700854915033,25660.0,252083.0,1764353.0,20064.0,85044.0
104,2021-02-24,0.679319889284302,1.07466227734106,25614.0,253450.0,1795872.0,31519.0,85321.0
105,2021-02-25,0.678133649663899,1.07400773879621,25317.0,254868.0,1821275.0,25403.0,85582.0
106,2021-02-26,0.681099248714907,1.06853629810679,25130.0,256326.0,1846482.0,25207.0,86121.0
107,2021-02-27,0.682680901542112,1.0591609667033,24989.0,257258.0,1870478.0,23996.0,86306.0
108,2021-02-28,0.690391459074733,1.04721616252875,25280.0,257555.0,1890430.0,19952.0,86428.0
109,2021-03-01,0.700672202451562,1.03423722509269,25430.0,258384.0,1895133.0,4703.0,86803.0
110,2021-03-02,0.708975879794385,1.02187314048767,25263.0,259893.0,1917990.0,22857.0,87220.0
111,2021-03-03,0.719058916567813,1.01179678798316,25111.0,261289.0,1944778.0,26788.0,87542.0
112,2021-03-04,0.718268090154211,1.00541887189939,24891.0,262690.0,1970057.0,25279.0,87835.0
113,2021-03-05,0.727560300514037,1.00378883678743,24765.0,263919.0,1993564.0,23507.0,88274.0
114,2021-03-06,0.729339659944642,1.00740291107116,24625.0,264909.0,2016870.0,23306.0,88444.0
115,2021-03-07,0.740015816528272,1.01618857835147,24818.0,265295.0,2038695.0,21825.0,88574.0
116,2021-03-08,0.760972716488731,1.02954988157123,25195.0,266096.0,2044022.0,5327.0,88933.0
117,2021-03-09,0.774614472123369,1.04644122855712,25201.0,267539.0,2067324.0,23302.0,89301.0
118,2021-03-10,0.774614472123369,1.06560389720262,24969.0,269019.0,2097627.0,30303.0,89632.0
119,2021-03-11,0.78924476077501,1.08594693407893,24858.0,270433.0,2124793.0,27166.0,89897.0
120,2021-03-12,0.797350731514433,1.10665430169291,24749.0,271678.0,2150022.0,25229.0,90120.0
121,2021-03-13,0.804665875840253,1.12718158611739,24671.0,272615.0,2179781.0,29759.0,90289.0
122,2021-03-14,0.815935152234085,1.14718183733122,24989.0,272960.0,2206124.0,26343.0,90429.0
123,2021-03-15,0.834124159746936,1.1662791735072,25469.0,273771.0,2212595.0,6471.0,90762.0
124,2021-03-16,0.838078291814947,1.18399702077294,25492.0,275360.0,2242570.0,29975.0,91170.0
125,2021-03-17,0.834124159746936,1.19969667378587,25314.0,276993.0,2281071.0,38501.0,91411.0
126,2021-03-18,0.839462238038751,1.21261404621391,25389.0,278263.0,2316069.0,34998.0,91679.0
127,2021-03-19,0.847568208778173,1.22202020255184,25339.0,279646.0,2351157.0,35088.0,91964.0
128,2021-03-20,0.86061684460261,1.2276168088069,25537.0,280571.0,2386484.0,35327.0,92140.0
129,2021-03-21,0.871095294582839,1.22961232706038,25926.0,280955.0,2417065.0,30581.0,92278.0
130,2021-03-22,0.899169632265718,1.22876596196791,26488.0,281885.0,2432857.0,15792.0,92621.0
131,2021-03-23,0.916172400158165,1.22626552177439,26756.0,283507.0,2447535.0,14678.0,92908.0
132,2021-03-24,0.919533412415975,1.22339152018787,26876.0,285199.0,2512908.0,65373.0,93153.0
133,2021-03-25,0.931000395413207,1.22074033754312,27036.0,286607.0,2558549.0,45641.0,93378.0
134,2021-03-26,0.942269671807038,1.21807538048551,27242.0,288062.0,2600418.0,41869.0,94275.0
135,2021-03-27,0.947212336892052,1.21423906560341,27259.0,289350.0,2643037.0,42619.0,94465.0
136,2021-03-28,0.963226571767497,1.20733575610912,27712.0,289752.0,2680051.0,37014.0,94596.0
137,2021-03-29,0.983392645314354,1.194976654546,28322.0,290810.0,2689145.0,9094.0,94956.0
138,2021-03-30,1.00276789244761,1.17479719354411,28510.0,292796.0,2719847.0,30702.0,95337.0
139,2021-03-31,0.999011466982997,1.14592759843866,28463.0,294638.0,2778885.0,59038.0,95640.0
140,2021-04-01,1.01008303677343,1.1095530234754,28581.0,296166.0,2829544.0,50659.0,95948.0
141,2021-04-02,1.03875049426651,1.06851551521156,28729.0,297734.0,2876221.0,46677.0,96280.0
142,2021-04-03,1.04250691973112,1.02686540721804,28886.0,299075.0,2890138.0,13917.0,96465.0
143,2021-04-04,1.05595096876236,0.989299531394233,29356.0,299624.0,2956932.0,66794.0,96650.0
144,2021-04-05,1.07413997627521,0.959805979609655,29907.0,300064.0,2967725.0,10793.0,96847.0
145,2021-04-06,1.11229735073151,0.941268899726098,30639.0,301299.0,2975770.0,8045.0,97273.0
146,2021-04-07,1.13266113088177,0.934539012884166,30904.0,303639.0,2988721.0,12951.0,97694.0
147,2021-04-08,1.12791617240016,0.938283858871779,30555.0,305711.0,3073720.0,84999.0,98037.0
148,2021-04-09,1.13819691577699,0.949262303604055,30326.0,307674.0,3114963.0,41243.0,98367.0
149,2021-04-10,1.14056939501779,0.963230903179761,30238.0,309136.0,3158247.0,43284.0,98574.0
150,2021-04-11,1.15421115065243,0.975650776178541,30671.0,309787.0,3193142.0,34895.0,98750.0
151,2021-04-12,1.16963226571768,0.983318599039856,31262.0,310934.0,3201678.0,8536.0,99135.0
152,2021-04-13,1.1767497034401,0.984836463505501,31226.0,313051.0,3240791.0,39113.0,99480.0
153,2021-04-14,1.16686437327007,0.980450970855463,30868.0,315152.0,3284296.0,43505.0,99777.0
154,2021-04-15,1.17121391854488,0.971592161568116,30668.0,317036.0,3322341.0,38045.0,100073.0
155,2021-04-16,1.16923685251087,0.960374682570337,30472.0,318923.0,3358783.0,36442.0,100404.0
156,2021-04-17,1.16192170818505,0.948574060785533,30329.0,320275.0,3394644.0,35861.0,100593.0
157,2021-04-18,1.16508501383946,0.937356395532803,30789.0,320757.0,3423988.0,29344.0,100733.0
158,2021-04-19,1.18030842230131,0.927322366905321,31214.0,321889.0,3430684.0,6696.0,101180.0
159,2021-04-20,1.18307631474891,0.918559246773524,31086.0,323961.0,3473782.0,43098.0,101568.0
160,2021-04-21,1.1781336496639,0.910700685102053,30954.0,325811.0,3508750.0,34968.0,101881.0
161,2021-04-22,1.18248319493871,0.903210969339248,30634.0,327668.0,3543068.0,34318.0,102164.0
162,2021-04-23,1.1787267694741,0.895482845804622,30438.0,329405.0,3575408.0,32340.0,102496.0
163,2021-04-24,1.1779359430605,0.886847603537931,30100.0,330838.0,3608041.0,32633.0,102713.0
164,2021-04-25,1.18189007512851,0.876645333445976,30287.0,331362.0,3632506.0,24465.0,102858.0
165,2021-04-26,1.18643732700672,0.864514971602119,30596.0,332563.0,3638458.0,5952.0,103256.0
166,2021-04-27,1.17497034400949,0.850484539279158,30281.0,334577.0,3668775.0,30317.0,103603.0
167,2021-04-28,1.16231712139185,0.835025912506271,29911.0,336281.0,3700314.0,31539.0,103918.0
168,2021-04-29,1.14748912613681,0.819067754894738,29487.0,338000.0,3726852.0,26538.0,104224.0
169,2021-04-30,1.12198497429814,0.803904190010557,28930.0,339650.0,3751151.0,24299.0,104514.0
170,2021-05-01,1.10340055357849,0.790793100891639,28603.0,340997.0,3776821.0,25670.0,104706.0
171,2021-05-02,1.10419137999209,0.780770397368736,28818.0,341458.0,3786709.0,9888.0,104819.0
172,2021-05-03,1.11308817714512,0.774308672250464,28950.0,342451.0,3790469.0,3760.0,105130.0
173,2021-05-04,1.08817714511665,0.771190280237962,28427.0,344265.0,3814840.0,24371.0,105387.0
174,2021-05-05,1.06801107156979,0.770547986911331,27686.0,346184.0,3840840.0,26000.0,105631.0
175,2021-05-06,1.0342032423883,0.771203470016133,26985.0,347768.0,3862552.0,21712.0,105850.0
176,2021-05-07,1.00948991696323,0.771893962320709,26331.0,349293.0,3881676.0,19124.0,106101.0
177,2021-05-08,0.989521550019771,0.771823959657462,25800.0,350471.0,3902421.0,20745.0,106277.0
178,2021-05-09,0.982799525504152,0.770876513866447,25797.0,350873.0,3911549.0,9128.0,106392.0
179,2021-05-10,0.962831158560696,0.769603435962311,25666.0,351795.0,3914841.0,3292.0,106684.0
180,2021-05-11,0.937722419928826,0.768979556672414,25028.0,353370.0,3934632.0,19791.0,106935.0
181,2021-05-12,0.906089363384737,0.770212523737438,24254.0,354860.0,3956130.0,21498.0,107119.0
182,2021-05-13,0.878212732305259,0.774242041775158,23656.0,355927.0,3975591.0,19461.0,107250.0
183,2021-05-14,0.860419137999209,0.781548636225381,23406.0,356700.0,3982616.0,7025.0,107423.0
184,2021-05-15,0.844404903123764,0.792095525467843,22950.0,357613.0,3998301.0,15685.0,107535.0
185,2021-05-16,0.841241597469356,0.805269033217311,22963.0,357928.0,4012249.0,13948.0,107616.0
186,2021-05-17,0.827599841834717,0.819878138767626,22749.0,358776.0,4015599.0,3350.0,107812.0
187,2021-05-18,0.793792012653223,0.834485223542533,22058.0,360213.0,4032809.0,17210.0,108040.0
188,2021-05-19,0.763542902332938,0.847546181333212,21347.0,361460.0,4051859.0,19050.0,108181.0
189,2021-05-20,0.745156188216686,0.857461007804771,20750.0,362593.0,4067274.0,15415.0,108314.0
190,2021-05-21,0.71787267694741,0.862745608945321,20209.0,363600.0,4080074.0,12800.0,108437.0
191,2021-05-22,0.700672202451562,0.86260386237075,19765.0,364391.0,4092685.0,12611.0,108526.0
192,2021-05-23,0.694938710952946,0.857108318923173,19720.0,364695.0,4102389.0,9704.0,108596.0
193,2021-05-24,0.691182285488335,0.847227465382048,19701.0,364902.0,4104618.0,2229.0,108658.0
194,2021-05-25,0.681494661921708,0.834792616854696,19430.0,365739.0,4107773.0,3155.0,108879.0
195,2021-05-26,0.658362989323844,0.82226568689156,18593.0,367046.0,4120419.0,12646.0,109023.0
196,2021-05-27,0.633847370502175,0.811894748377054,17941.0,368023.0,4134352.0,13933.0,109165.0
197,2021-05-28,0.613681296955318,0.805328582691516,17272.0,369109.0,4145620.0,11268.0,109290.0
198,2021-05-29,0.598655595096876,0.802983200804442,16847.0,369789.0,4156295.0,10675.0,109358.0
199,2021-05-30,0.591735863977857,0.803814054640728,16775.0,370014.0,4164836.0,8541.0,109402.0
200,2021-05-31,0.58224594701463,0.805446740003123,16596.0,370577.0,4166047.0,1211.0,109528.0
201,2021-06-01,0.558521154606564,0.804982313056467,16088.0,371500.0,4175895.0,9848.0,109662.0
202,2021-06-02,0.544483985765125,0.799517667260353,15638.0,372310.0,4184638.0,8743.0,109758.0
203,2021-06-03,0.529260577303282,0.787230215203347,15283.0,373033.0,4192799.0,8161.0,109828.0
204,2021-06-04,0.508303677342823,0.767729331926736,14801.0,373818.0,4199752.0,6953.0,109916.0
205,2021-06-05,0.499209173586398,0.742071824167296,14532.0,374281.0,4206406.0,6654.0,109973.0
206,2021-06-06,0.499604586793199,0.712637667926454,14525.0,374416.0,4211476.0,5070.0,109998.0
207,2021-06-07,0.488730723606168,0.682391959083684,14323.0,374909.0,4212640.0,1164.0,110062.0
208,2021-06-08,0.473309608540925,0.653767675208955,13984.0,375569.0,4218658.0,6018.0,110137.0
209,2021-06-09,0.459865559509688,0.628398820848282,13526.0,376342.0,4224215.0,5557.0,110202.0
210,2021-06-10,0.443851324634243,0.607116593768859,13090.0,376974.0,4228690.0,4475.0,110270.0
211,2021-06-11,0.427639383155397,0.589955781831852,12712.0,377596.0,4232561.0,3871.0,110344.0
212,2021-06-12,0.417160933175168,0.576312944859899,12496.0,377961.0,4236533.0,3972.0,110378.0
213,2021-06-13,0.416370106761566,0.565066647461602,12480.0,378063.0,4239388.0,2855.0,110391.0
214,2021-06-14,0.408857255832345,0.555269811304282,12374.0,378429.0,4240077.0,689.0,110454.0
215,2021-06-15,0.385923289837881,0.546438793466452,11895.0,379108.0,4243312.0,3235.0,110534.0
216,2021-06-16,0.370304468169237,0.538631817375749,11519.0,379635.0,4246370.0,3058.0,110578.0
217,2021-06-17,0.355674179517596,0.53237043917809,11114.0,380195.0,4249156.0,2786.0,110634.0
218,2021-06-18,0.344009489916963,0.52857443749257,10738.0,380667.0,4251595.0,2439.0,110702.0
219,2021-06-19,0.336694345591143,0.528152462162654,10531.0,380930.0,4254219.0,2624.0,110724.0
220,2021-06-20,0.336694345591143,0.531797546049938,10518.0,380979.0,4256034.0,1815.0,110738.0
221,2021-06-21,0.327204428627916,0.53990571687231,10386.0,381278.0,4256521.0,487.0,110778.0
222,2021-06-22,0.308422301304864,0.552638327044529,10046.0,381726.0,4258725.0,2204.0,110829.0
223,2021-06-23,0.298339264531435,0.569963074575504,9771.0,382124.0,4261045.0,2320.0,110862.0
224,2021-06-24,0.284499802293397,0.591954250126643,9392.0,382593.0,4263052.0,2007.0,110906.0
225,2021-06-25,0.274614472123369,0.618935954255106,9190.0,382897.0,4265038.0,1986.0,110939.0
226,2021-06-26,0.266706207987347,0.651544237407509,9024.0,383122.0,4267166.0,2128.0,110951.0
227,2021-06-27,0.265915381573745,0.690754828411721,8986.0,383185.0,4268744.0,1578.0,110968.0
228,2021-06-28,0.257809410834322,0.737749838541671,8846.0,383447.0,4269253.0,509.0,111012.0
229,2021-06-29,0.247133254250692,0.793496177418138,8627.0,383768.0,4271567.0,2314.0,111057.0
230,2021-06-30,0.238038750494267,0.858456405186982,8451.0,384051.0,4274024.0,2457.0,111082.0
231,2021-07-01,0.229735073151443,0.932373180417854,8232.0,384338.0,4276688.0,2664.0,111111.0
232,2021-07-02,0.222024515618822,1.01392897508753,8044.0,384616.0,4279371.0,2683.0,111135.0
233,2021-07-03,0.21787267694741,1.09997356011375,7912.0,384781.0,4282377.0,3006.0,111152.0
234,2021-07-04,0.218268090154211,1.18556713143877,7913.0,384812.0,4284926.0,2549.0,111161.0
235,2021-07-05,0.212930011862396,1.26469911201681,7806.0,385013.0,4285722.0,796.0,111197.0
236,2021-07-06,0.204033214709371,1.33125662729046,7637.0,385289.0,4289307.0,3585.0,111231.0
237,2021-07-07,0.197113483590352,1.38078237624089,7539.0,385490.0,4293388.0,4081.0,111259.0
238,2021-07-08,0.191973111901938,1.41400051675448,7384.0,385720.0,4297830.0,4442.0,111284.0
239,2021-07-09,0.188414393040728,1.43660834709957,7275.0,385950.0,4302410.0,4580.0,111302.0
240,2021-07-10,0.187228153420324,1.45781692706754,7183.0,386122.0,4307106.0,4696.0,111321.0
241,2021-07-11,0.187228153420324,1.48837739203583,7183.0,386141.0,4311362.0,4256.0,111325.0
242,2021-07-12,0.18920521945433,1.53805592584164,7137.0,386424.0,4312622.0,1260.0,111353.0
243,2021-07-13,0.184460260972716,1.61152677123335,7076.0,386704.0,4319572.0,6950.0,111407.0
244,2021-07-14,0.184064847765915,1.70724657685708,7047.0,386839.0,4328447.0,8875.0,111413.0
245,2021-07-15,0.180703835508106,1.81650279983731,7054.0,387017.0,4332064.0,3617.0,111429.0
246,2021-07-16,0.177738236457098,1.92566578227578,6971.0,387297.0,4342972.0,10908.0,111451.0
247,2021-07-17,0.175958877026493,2.02002520885185,6922.0,387439.0,4353921.0,10949.0,111467.0
248,2021-07-18,0.176156583629893,2.08734350617616,6936.0,387469.0,4366453.0,12532.0,111472.0
249,2021-07-19,0.178331356267299,2.12007893586219,7041.0,387703.0,4370604.0,4151.0,111492.0
250,2021-07-20,0.173190984578885,2.11733277779997,6912.0,388118.0,4388785.0,18181.0,111525.0
251,2021-07-21,0.169829972321076,2.08318539973739,6869.0,388402.0,4410324.0,21539.0,111547.0
252,2021-07-22,0.171609331751681,2.02392565998396,6832.0,388707.0,4432233.0,21909.0,111558.0
253,2021-07-23,0.172400158165283,1.94620722996418,6802.0,389021.0,4451794.0,19561.0,111595.0
254,2021-07-24,0.173586397785686,1.85671416694886,6787.0,389197.0,4477418.0,25624.0,111617.0
255,2021-07-25,0.175168050612891,1.76132287626837,6843.0,389226.0,4492660.0,15242.0,111623.0
256,2021-07-26,0.188216686437327,1.66483231055483,7079.0,389531.0,4497967.0,5307.0,111668.0
257,2021-07-27,0.193357058125741,1.5708909847064,7137.0,389996.0,4524838.0,26871.0,111696.0
258,2021-07-28,0.196124950573349,1.48216248449358,7208.0,390367.0,4552772.0,27934.0,111740.0
259,2021-07-29,0.200672202451562,1.40064445162368,7236.0,390784.0,4577962.0,25190.0,111768.0
260,2021-07-30,0.211941478845393,1.32782418370053,7363.0,391216.0,4602271.0,24309.0,111831.0
261,2021-07-31,0.217279557137208,1.26441373541567,7409.0,391581.0,4625742.0,23471.0,111874.0
262,2021-08-01,0.224792408066429,1.21061013326869,7581.0,391689.0,4645342.0,19600.0,111892.0
263,2021-08-02,0.243574535389482,1.16633749334899,7840.0,392055.0,4650526.0,5184.0,111945.0
264,2021-08-03,0.263147489126137,1.13116971012125,7974.0,392634.0,4677355.0,26829.0,112004.0
265,2021-08-04,0.271055753262159,1.10440437214537,8134.0,393129.0,4706139.0,28784.0,112053.0
266,2021-08-05,0.280743376828786,1.08513251472276,8210.0,393723.0,4732599.0,26460.0,112105.0
267,2021-08-06,0.288256227758007,1.0722739872026,8368.0,394324.0,4757676.0,25077.0,112169.0
268,2021-08-07,0.298536971134836,1.06458986681293,8425.0,394709.0,4783431.0,25755.0,112201.0
269,2021-08-08,0.307631474891261,1.06067242848419,8685.0,394910.0,4803881.0,20450.0,112229.0
270,2021-08-09,0.329576907868723,1.05896312692599,9022.0,395310.0,4809656.0,5775.0,112304.0
271,2021-08-10,0.338473705021748,1.05800530491475,9153.0,396002.0,4838232.0,28576.0,112374.0
272,2021-08-11,0.344998022933966,1.05651069601864,9233.0,396616.0,4869152.0,30920.0,112432.0
273,2021-08-12,0.3572558323448,1.05334692198536,9465.0,397162.0,4897706.0,28554.0,112509.0
274,2021-08-13,0.362000790826414,1.04758628259951,9546.0,397828.0,4924159.0,26453.0,112599.0
275,2021-08-14,0.363187030446817,1.03874559273875,9648.0,398257.0,4948586.0,24427.0,112652.0
276,2021-08-15,0.366152629497825,1.02680431353943,9798.0,398445.0,4969758.0,21172.0,112696.0
277,2021-08-16,0.377224199288256,1.01216857420855,10151.0,398924.0,4975587.0,5829.0,112803.0
278,2021-08-17,0.386120996441281,0.995599275846633,10219.0,399763.0,5003701.0,28114.0,112914.0
279,2021-08-18,0.406089363384737,0.978095012354806,10336.0,400539.0,5032106.0,28405.0,113036.0
280,2021-08-19,0.405100830367734,0.960651691834701,10392.0,401284.0,5056079.0,23973.0,113165.0
281,2021-08-20,0.413404507710558,0.944142973143067,10515.0,401946.0,5078398.0,22319.0,113250.0
282,2021-08-21,0.416370106761566,0.929079689426233,10463.0,402615.0,5101034.0,22636.0,113379.0
283,2021-08-22,0.420719652036378,0.915580157154436,10651.0,402848.0,5118334.0,17300.0,113494.0
284,2021-08-23,0.437920126532226,0.903437684810703,11007.0,403285.0,5123500.0,5166.0,113603.0
285,2021-08-24,0.43910636615263,0.892255187222526,11066.0,404141.0,5148353.0,24853.0,113759.0
286,2021-08-25,0.44266508501384,0.881544998231779,11171.0,404823.0,5172059.0,23706.0,113862.0
287,2021-08-26,0.447014630288652,0.870953915427841,11104.0,405490.0,5191742.0,19683.0,113984.0
288,2021-08-27,0.448793989719257,0.86032473998972,11162.0,406229.0,5209991.0,18249.0,114090.0
289,2021-08-28,0.446619217081851,0.849691993761574,11052.0,406709.0,5227581.0,17590.0,114164.0
290,2021-08-29,0.44998022933966,0.839256953890274,11092.0,406911.0,5241211.0,13630.0,114217.0
291,2021-08-30,0.452748121787268,0.8292789517743,11245.0,407355.0,5245006.0,3795.0,114330.0
292,2021-08-31,0.453143534994069,0.819934436516543,11120.0,408275.0,5264431.0,19425.0,114465.0
293,2021-09-01,0.45353894820087,0.811279552906814,11119.0,408908.0,5282052.0,17621.0,114560.0
294,2021-09-02,0.449782522736259,0.803247385287402,10934.0,409615.0,5297963.0,15911.0,114669.0
295,2021-09-03,0.446619217081851,0.795659705265406,10816.0,410229.0,5311429.0,13466.0,114764.0
296,2021-09-04,0.439501779359431,0.788281626526976,10654.0,410710.0,5324765.0,13336.0,114847.0
297,2021-09-05,0.438315539739027,0.780858745966074,10644.0,410888.0,5335175.0,10410.0,114896.0
298,2021-09-06,0.444642151047845,0.773209701948675,10757.0,411314.0,5338217.0,3042.0,115022.0
299,2021-09-07,0.446619217081851,0.765257349287016,10646.0,412039.0,5352751.0,14534.0,115130.0
300,2021-09-08,0.439699485962831,0.757033159560335,10438.0,412721.0,5365579.0,12828.0,115249.0
301,2021-09-09,0.433965994464215,0.74867742728366,10323.0,413273.0,5376548.0,10969.0,115363.0
302,2021-09-10,0.425266903914591,0.740427671082073,10115.0,413880.0,5386514.0,9966.0,115457.0
303,2021-09-11,0.42131277184658,0.732553397970612,10018.0,414243.0,5396115.0,9601.0,115503.0
304,2021-09-12,0.420917358639779,0.725338233819019,10012.0,414405.0,5403794.0,7679.0,115532.0
305,2021-09-13,0.415776986951364,0.719071626239222,9986.0,414778.0,5405856.0,2062.0,115629.0
306,2021-09-14,0.395413206801107,0.714002877065881,9739.0,415490.0,5416183.0,10327.0,115723.0
307,2021-09-15,0.387307236061684,0.710324867918837,9555.0,416030.0,5425327.0,9144.0,115803.0
308,2021-09-16,0.385923289837881,0.708174060849887,9297.0,416554.0,5433455.0,8128.0,115877.0
309,2021-09-17,0.373863187030447,0.707624525671992,9070.0,417059.0,5440828.0,7373.0,115969.0
310,2021-09-18,0.363187030446817,0.708677348338955,8912.0,417399.0,5448242.0,7414.0,116011.0
311,2021-09-19,0.362198497429814,0.711251873609642,8887.0,417505.0,5454056.0,5814.0,116039.0
312,2021-09-20,0.356860419137999,0.715206633215976,8845.0,417826.0,5455571.0,1515.0,116069.0
313,2021-09-21,0.344800316330565,0.720403077179214,8594.0,418397.0,5463422.0,7851.0,116222.0
314,2021-09-22,0.327402135231317,0.726726457880854,8414.0,418859.0,5470216.0,6794.0,116282.0
315,2021-09-23,0.318109924871491,0.734089102957867,8237.0,419256.0,5476445.0,6229.0,116348.0
316,2021-09-24,0.313562672993278,0.742412390688734,8107.0,419628.0,5482324.0,5879.0,116401.0
317,2021-09-25,0.31059707394227,0.751541732534194,7980.0,419912.0,5488336.0,6012.0,116430.0
318,2021-09-26,0.311783313562673,0.761204334600104,7994.0,419971.0,5493042.0,4706.0,116444.0
319,2021-09-27,0.31059707394227,0.770971036851391,7980.0,420247.0,5494351.0,1309.0,116528.0
320,2021-09-28,0.301304863582444,0.780239149681573,7801.0,420645.0,5501116.0,6765.0,116586.0
321,2021-09-29,0.289837880585212,0.788302905276295,7726.0,420934.0,5506951.0,5835.0,116629.0
322,2021-09-30,0.279557137208383,0.794675636743495,7565.0,421264.0,5512155.0,5204.0,116690.0
323,2021-10-01,0.26789244760775,0.799241321528472,7410.0,421579.0,5517090.0,4935.0,116739.0
324,2021-10-02,0.261961249505734,0.802392758802612,7294.0,421787.0,5522038.0,4948.0,116769.0
325,2021-10-03,0.262158956109134,0.805085330966347,7308.0,421839.0,5525782.0,3744.0,116778.0
326,2021-10-04,0.262554369315935,0.808761844069531,7299.0,422072.0,5526920.0,1138.0,116833.0
327,2021-10-05,0.252866745749308,0.814975862942304,7096.0,422510.0,5532478.0,5558.0,116894.0
328,2021-10-06,0.245551601423488,0.825164571141753,7038.0,422728.0,5537424.0,4946.0,116933.0
329,2021-10-07,0.237247924080664,0.840222241029718,6903.0,423001.0,5542039.0,4615.0,116969.0
330,2021-10-08,0.230130486358244,0.860324923492714,6805.0,423274.0,5546509.0,4470.0,117010.0
331,2021-10-09,0.222815342032424,0.884869915304443,6706.0,423485.0,5551243.0,4734.0,117025.0
332,2021-10-10,0.223803875049427,0.912487626126963,6737.0,423537.0,5555234.0,3991.0,117033.0
333,2021-10-11,0.226374060893634,0.941335844218985,6729.0,423734.0,5556354.0,1120.0,117068.0
334,2021-10-12,0.219652036378015,0.96968141596613,6629.0,424018.0,5562234.0,5880.0,117121.0
335,2021-10-13,0.215697904310004,0.996137889142644,6601.0,424238.0,5567812.0,5578.0,117145.0
336,2021-10-14,0.212534598655595,1.01974108063556,6523.0,424464.0,5572999.0,5187.0,117185.0
337,2021-10-15,0.207789640173982,1.03998605509403,6470.0,424693.0,5579098.0,6099.0,117221.0
338,2021-10-16,0.207394226967181,1.05686141635041,6437.0,424817.0,5583997.0,4899.0,117236.0
339,2021-10-17,0.207987346777382,1.0707637739872,6448.0,424868.0,5587775.0,3778.0,117241.0
340,2021-10-18,0.207394226967181,1.08225642916603,6468.0,425074.0,5588832.0,1057.0,117287.0
341,2021-10-19,0.206801107156979,1.09196031333178,6483.0,425292.0,5594766.0,5934.0,117326.0
342,2021-10-20,0.202846975088968,1.10043713624061,6465.0,425537.0,5600802.0,6036.0,117352.0
343,2021-10-21,0.199485962831159,1.10788035413489,6453.0,425777.0,5606929.0,6127.0,117389.0
344,2021-10-22,0.199683669434559,1.11406203286663,6400.0,426012.0,5613295.0,6366.0,117418.0
345,2021-10-23,0.199090549624357,1.11835577544746,6348.0,426213.0,5619586.0,6291.0,117441.0
346,2021-10-24,0.201265322261764,1.1198151885882,6377.0,426243.0,5624591.0,5005.0,117445.0
347,2021-10-25,0.202253855278766,1.11747684221567,6405.0,426431.0,5625886.0,1295.0,117488.0
348,2021-10-26,0.207394226967181,1.11124518142177,6445.0,426654.0,5632489.0,6603.0,117526.0
349,2021-10-27,0.205219454329775,1.10206299036204,6489.0,426836.0,5639017.0,6528.0,117559.0
350,2021-10-28,0.205021747726374,1.09196714653284,6541.0,427031.0,5645478.0,6461.0,117593.0
351,2021-10-29,0.204428627916172,1.08392515894925,6534.0,427286.0,5651911.0,6433.0,117621.0
352,2021-10-30,0.205417160933175,1.08163791570614,6524.0,427445.0,5659271.0,7360.0,117643.0
353,2021-10-31,0.206801107156979,1.08898805518745,6572.0,427489.0,5665600.0,6329.0,117655.0
354,2021-11-01,0.211348359035192,1.10816361853961,6639.0,427519.0,5667466.0,1866.0,117661.0
355,2021-11-02,0.215697904310004,1.13853108309851,6680.0,427801.0,5669505.0,2039.0,117748.0
356,2021-11-03,0.216686437327007,1.17668846825237,6764.0,428108.0,5679555.0,10050.0,117783.0
357,2021-11-04,0.217279557137208,1.2169316025392,6718.0,428434.0,5689057.0,9502.0,117832.0
358,2021-11-05,0.215302491103203,1.25250031332032,6735.0,428716.0,5698055.0,8998.0,117858.0
359,2021-11-06,0.217279557137208,1.27844861724699,6667.0,428950.0,5707660.0,9605.0,117883.0
360,2021-11-07,0.217674970344009,1.29275237017575,6709.0,428990.0,5716207.0,8547.0,117893.0
361,2021-11-08,0.225583234480032,1.29721143945573,6865.0,429250.0,5718404.0,2197.0,117950.0
362,2021-11-09,0.225385527876631,1.29672630632892,6851.0,429618.0,5730880.0,12476.0,117994.0
363,2021-11-10,0.228153420324239,1.29772871144859,6906.0,429919.0,5742763.0,11883.0,118027.0
364,2021-11-11,0.226374060893634,1.30586631500018,6952.0,430063.0,5755366.0,12603.0,118044.0
365,2021-11-12,0.233689205219454,1.32500317520794,7046.0,430277.0,5759226.0,3860.0,118092.0
366,2021-11-13,0.237643337287465,1.35578019606997,7050.0,430476.0,5773872.0,14646.0,118108.0
367,2021-11-14,0.23922499011467,1.39581395903279,7111.0,430524.0,5786368.0,12496.0,118125.0
368,2021-11-15,0.248517200474496,1.4406163948615,7361.0,430811.0,5789609.0,3241.0,118200.0
369,2021-11-16,0.252471332542507,1.48490202794602,7535.0,431216.0,5809387.0,19778.0,118247.0
370,2021-11-17,0.25701858442072,1.52374267721091,7663.0,431559.0,5829681.0,20294.0,118303.0
371,2021-11-18,0.263542902332938,1.55411633957722,7787.0,431887.0,5850047.0,20366.0,118355.0
372,2021-11-19,0.267497034400949,1.57504384835176,7940.0,432215.0,5871267.0,21220.0,118405.0
373,2021-11-20,0.263542902332938,1.58709059659704,7974.0,432421.0,5893945.0,22678.0,118428.0
374,2021-11-21,0.264729141953341,1.59178837252873,8038.0,432497.0,5913694.0,19749.0,118443.0
375,2021-11-22,0.277975484381178,1.59107626884123,8338.0,432957.0,5918960.0,5266.0,118540.0
376,2021-11-23,0.287663107947806,1.58668926302093,8525.0,433411.0,5949414.0,30454.0,118624.0
377,2021-11-24,0.293198892843021,1.57999271718597,8765.0,433833.0,5982005.0,32591.0,118705.0
378,2021-11-25,0.29636219849743,1.57200614849041,8981.0,434310.0,6015469.0,33464.0,118777.0
379,2021-11-26,0.309015421115065,1.56335662101944,9181.0,434775.0,6049905.0,34436.0,118837.0
380,2021-11-27,0.319691577698695,1.55399266893636,9271.0,435027.0,6087123.0,37218.0,118871.0
381,2021-11-28,0.322657176749703,1.54334675472129,9381.0,435119.0,6118771.0,31648.0,118894.0
382,2021-11-29,0.345788849347568,1.53058563692531,9860.0,435531.0,6127050.0,8279.0,119016.0
383,2021-11-30,0.36061684460261,1.51480399597782,10249.0,436187.0,6174227.0,47177.0,119131.0
384,2021-12-01,0.372874654013444,1.4952132853454,10558.0,436766.0,6223837.0,49610.0,119227.0
385,2021-12-02,0.382364570976671,1.47142511715548,10790.0,437363.0,6272253.0,48416.0,119330.0
386,2021-12-03,0.406880189798339,1.44346608234223,11103.0,438044.0,6322111.0,49858.0,119457.0
387,2021-12-04,0.402728351126928,1.41185130565992,11340.0,438440.0,6373735.0,51624.0,119506.0
388,2021-12-05,0.408461842625544,1.37741431792139,11526.0,438589.0,6415987.0,42252.0,119535.0
389,2021-12-06,0.433175168050613,1.34115689312521,12096.0,439237.0,6427295.0,11308.0,119727.0
390,2021-12-07,0.464808224594701,1.30428239548843,12714.0,440066.0,6486314.0,59019.0,119899.0
391,2021-12-08,0.479636219849743,1.26807303262341,13044.0,440865.0,6547654.0,61340.0,120032.0
392,2021-12-09,0.486555950968762,1.23365298653814,13363.0,441638.0,6604508.0,56854.0,120168.0
393,2021-12-10,0.493871095294583,1.20197191617182,13629.0,442473.0,6659847.0,55339.0,120318.0
394,2021-12-11,0.501977066034006,1.17386530145473,13855.0,442940.0,6713567.0,53720.0,120383.0
395,2021-12-12,0.51443258204824,1.15005348210588,14050.0,443159.0,6757415.0,43848.0,120431.0
396,2021-12-13,0.544088572558323,1.13093165384649,14527.0,443933.0,6769451.0,12036.0,120674.0
397,2021-12-14,0.551996836694346,1.11645988264665,14819.0,445100.0,6832856.0,63405.0,120832.0
398,2021-12-15,0.562079873467774,1.10622591785337,15062.0,446101.0,6898569.0,65713.0,120983.0
399,2021-12-16,0.559905100830368,1.09952707635244,15142.0,447156.0,6959435.0,60866.0,121171.0
400,2021-12-17,0.573546856465006,1.09571528688259,15410.0,448151.0,7017563.0,58128.0,121333.0
401,2021-12-18,0.579873467773824,1.09533021217158,15370.0,448891.0,7076099.0,58536.0,121418.0
402,2021-12-19,0.580466587584025,1.10028829597145,15528.0,449128.0,7124572.0,48473.0,121493.0
403,2021-12-20,0.598062475286675,1.11383103895102,15918.0,449970.0,7139647.0,15075.0,121717.0
404,2021-12-21,0.612099644128114,1.14024439343363,16076.0,451213.0,7212479.0,72832.0,121946.0
405,2021-12-22,0.622182680901542,1.18397252438202,16118.0,452365.0,7296751.0,84272.0,122116.0
406,2021-12-23,0.634242783708976,1.24729643666682,16060.0,453573.0,7388359.0,91608.0,122295.0
407,2021-12-24,0.643337287465401,1.3292650802465,16173.0,454659.0,7482483.0,94124.0,122462.0
408,2021-12-25,0.648873072360617,1.42470224157436,16162.0,455323.0,7587094.0,104611.0,122546.0
409,2021-12-26,0.652234084618426,1.52472555422658,16365.0,455508.0,7614791.0,27697.0,122642.0
410,2021-12-27,0.658956109134045,1.61856467608173,16921.0,456295.0,7645174.0,30383.0,122898.0
411,2021-12-28,0.675365757216291,1.69627834491304,17405.0,457594.0,7824981.0,179807.0,123188.0
412,2021-12-29,0.68584420719652,1.75098122852812,17856.0,458891.0,8033080.0,208099.0,123372.0
413,2021-12-30,0.693159351522341,1.78066327081623,18321.0,460123.0,8239323.0,206243.0,123552.0
414,2021-12-31,0.700474495848161,1.7874079834594,18715.0,461407.0,8471523.0,232200.0,123741.0
415,2022-01-01,0.703835508105971,1.77560294674092,18811.0,462266.0,8690649.0,219126.0,123851.0
416,2022-01-02,0.706207987346777,1.75024633983011,19043.0,462576.0,8749081.0,58432.0,123942.0
417,2022-01-03,0.722419928825623,1.71551103333846,19606.0,463863.0,8816542.0,67461.0,124212.0
418,2022-01-04,0.724594701463029,1.67419032448505,20186.0,465820.0,9088228.0,271686.0,124563.0
419,2022-01-05,0.730525899565046,1.62791403739327,20688.0,467508.0,9420480.0,332252.0,124809.0
420,2022-01-06,0.743179122182681,1.57749273808718,21169.0,469181.0,9681961.0,261481.0,125013.0
421,2022-01-07,0.754250691973112,1.5234530212429,21605.0,470797.0,10010175.0,328214.0,125206.0
422,2022-01-08,0.755436931593515,1.46711078708779,21721.0,472027.0,10313844.0,303669.0,125348.0
423,2022-01-09,0.76057730328193,1.41048194356558,21982.0,472488.0,10609941.0,296097.0,125438.0
424,2022-01-10,0.771846579675761,1.35611010371465,22749.0,473916.0,10703837.0,93896.0,125718.0
425,2022-01-11,0.784697508896797,1.30683850362761,23371.0,476124.0,11071986.0,368149.0,126059.0
426,2022-01-12,0.787860814551206,1.26544799491625,23889.0,478097.0,11433705.0,361719.0,126305.0
427,2022-01-13,0.778766310794781,1.23379057799511,24154.0,480068.0,11739027.0,305322.0,126530.0
428,2022-01-14,0.770067220245156,1.21267037112226,24511.0,481964.0,12068398.0,329371.0,126721.0
429,2022-01-15,0.761565836298932,1.20143127453718,24544.0,483438.0,12392978.0,324580.0,126869.0
430,2022-01-16,0.761565836298932,1.19812730699111,24887.0,484007.0,12671107.0,278129.0,126967.0
431,2022-01-17,0.773625939106366,1.19989488810048,25776.0,485556.0,12773251.0,102144.0,127263.0
432,2022-01-18,0.767299327797548,1.2034481844166,26526.0,487977.0,13238020.0,464769.0,127638.0
433,2022-01-19,0.761565836298932,1.20552817430556,27230.0,490192.0,13674187.0,436167.0,127869.0
434,2022-01-20,0.759588770264927,1.20377672083599,27931.0,492256.0,14099370.0,425183.0,128114.0
435,2022-01-21,0.749703440094899,1.19685509515718,28457.0,494500.0,14500221.0,400851.0,128347.0
436,2022-01-22,0.740608936338474,1.18425170295495,28515.0,496206.0,14889541.0,389320.0,128514.0
437,2022-01-23,0.743376828786082,1.16610782886028,28838.0,496840.0,15191155.0,301614.0,128629.0
438,2022-01-24,0.74654013444049,1.14314304639089,29748.0,498806.0,15299636.0,108481.0,129022.0
439,2022-01-25,0.739620403321471,1.1163045820704,30189.0,501762.0,15801271.0,501635.0,129489.0
440,2022-01-26,0.733886911822855,1.08658930940965,30624.0,504330.0,16229279.0,428008.0,129747.0
441,2022-01-27,0.730328192961645,1.05498400246973,30982.0,506728.0,16621447.0,392168.0,130015.0
442,2022-01-28,0.722815342032424,1.02241560874136,31271.0,509211.0,16974950.0,353503.0,130278.0
443,2022-01-29,0.718465796757612,0.98963094992817,31282.0,510921.0,17307348.0,332398.0,130456.0
444,2022-01-30,0.719849742981416,0.957163119257749,31536.0,511612.0,17556796.0,249448.0,130583.0
445,2022-01-31,0.731514432582048,0.925212859509858,32374.0,513540.0,17639453.0,82657.0,130931.0
446,2022-02-01,0.741597469355476,0.893661128754806,32894.0,516458.0,18056349.0,416896.0,131312.0
447,2022-02-02,0.731514432582048,0.86216806454005,32720.0,519409.0,18371712.0,315363.0,131588.0
448,2022-02-03,0.720245156188217,0.830416247845321,32852.0,521380.0,18646064.0,274352.0,131852.0
449,2022-02-04,0.715302491103203,0.798215494560644,32988.0,524878.0,18887113.0,241049.0,132207.0
450,2022-02-05,0.712930011862396,0.765654932881565,32867.0,526609.0,19101655.0,214542.0,132377.0
451,2022-02-06,0.70719652036378,0.73316432990871,33027.0,527202.0,19257094.0,155439.0,132506.0
452,2022-02-07,0.716093317516805,0.701496016750829,33447.0,529180.0,19303095.0,46001.0,132923.0
453,2022-02-08,0.702846975088968,0.671525832871451,33352.0,531940.0,19538362.0,235267.0,133614.0
454,2022-02-09,0.692566231712139,0.64417855418883,32878.0,534705.0,19717976.0,179614.0,133897.0
455,2022-02-10,0.675365757216291,0.620212111670589,32415.0,537208.0,19871001.0,153025.0,134267.0
456,2022-02-11,0.666468960063266,0.60014850526357,31939.0,539749.0,20002377.0,131376.0,134536.0
457,2022-02-12,0.65717674970344,0.584240882785873,31522.0,541311.0,20120988.0,118611.0,134697.0
458,2022-02-13,0.65342032423883,0.572408483046461,31621.0,541777.0,20207550.0,86562.0,134804.0
459,2022-02-14,0.651640964808225,0.564244139323042,31532.0,543647.0,20234025.0,26475.0,135189.0
460,2022-02-15,0.639580862000791,0.559300861124518,31091.0,546183.0,20376278.0,142253.0,135579.0
461,2022-02-16,0.618030842230131,0.557168617368877,30578.0,548385.0,20475013.0,98735.0,135855.0
462,2022-02-17,0.603993673388691,0.557460970724221,29843.0,550715.0,20567358.0,92345.0,136142.0
463,2022-02-18,0.587188612099644,0.559812671995228,29194.0,552837.0,20649911.0,82553.0,136446.0
464,2022-02-19,0.576907868722815,0.563926181372958,28632.0,554200.0,20726549.0,76638.0,136594.0
465,2022-02-20,0.577896401739818,0.569590268624069,28643.0,554598.0,20785552.0,59003.0,136708.0
466,2022-02-21,0.574337682878608,0.576653360786556,28383.0,556126.0,20802747.0,17195.0,136991.0
467,2022-02-22,0.561882166864373,0.585022971924161,27566.0,558452.0,20900129.0,97382.0,137277.0
468,2022-02-23,0.544286279161724,0.594683524619337,26881.0,560486.0,20966962.0,66833.0,137489.0
469,2022-02-24,0.52510873863187,0.605731625673272,26118.0,562358.0,21033694.0,66732.0,137770.0
470,2022-02-25,0.503361012257809,0.618386589976035,25484.0,564082.0,21091832.0,58138.0,137958.0
471,2022-02-26,0.491103202846975,0.632926664813734,25264.0,564911.0,21145455.0,53623.0,138059.0
472,2022-02-27,0.492487149070779,0.649663028316947,25277.0,565221.0,21188055.0,42600.0,138135.0
473,2022-02-28,0.48556741795176,0.668929041534748,25079.0,566378.0,21201538.0,13483.0,138367.0
474,2022-03-01,0.476077500988533,0.691062120733254,24437.0,568119.0,21281332.0,79794.0,138576.0
475,2022-03-02,0.460458679319889,0.716378903547038,23840.0,569768.0,21339029.0,57697.0,138762.0
476,2022-03-03,0.441083432186635,0.745127717981677,23175.0,571248.0,21399254.0,60225.0,138942.0
477,2022-03-04,0.425662317121392,0.777450570984494,22643.0,572604.0,21457043.0,57789.0,139123.0
478,2022-03-05,0.410241202056149,0.813350928670549,22196.0,573476.0,21510721.0,53678.0,139243.0
479,2022-03-06,0.411032028469751,0.852654525213983,22253.0,573639.0,21556049.0,45328.0,139275.0
480,2022-03-07,0.413009094503756,0.894944698004453,22208.0,574749.0,21570545.0,14496.0,139451.0
481,2022-03-08,0.402530644523527,0.939551233963114,21899.0,576142.0,21663595.0,93050.0,139618.0
482,2022-03-09,0.387900355871886,0.985572963672796,21509.0,577508.0,21732785.0,69190.0,139773.0
483,2022-03-10,0.381178331356267,1.03192739560105,21287.0,578723.0,21807603.0,74818.0,139880.0
484,2022-03-11,0.370699881376038,1.0774451768519,21024.0,579930.0,21880002.0,72399.0,140029.0
485,2022-03-12,0.367141162514828,1.12103850285308,20860.0,580578.0,21952445.0,72443.0,140080.0
486,2022-03-13,0.366745749308027,1.16181211944229,20917.0,580769.0,22012867.0,60422.0,140109.0
487,2022-03-14,0.361012257809411,1.19915841133888,20925.0,581897.0,22031720.0,18853.0,140294.0
488,2022-03-15,0.352510873863187,1.23277585982936,20919.0,583270.0,22148338.0,116618.0,140440.0
489,2022-03-16,0.341637010676157,1.26264633304774,20757.0,584548.0,22257170.0,108832.0,140613.0
490,2022-03-17,0.335112692763938,1.289009567445,20609.0,585730.0,22358917.0,101747.0,140729.0
491,2022-03-18,0.330960854092527,1.31228081080206,20519.0,586852.0,22456496.0,97579.0,140841.0
492,2022-03-19,0.32502965599051,1.33291220551581,20440.0,587475.0,22554600.0,98104.0,140903.0
493,2022-03-20,0.324634242783709,1.35133159227108,20566.0,587639.0,22635883.0,81283.0,140933.0
494,2022-03-21,0.322657176749703,1.36764489455834,20706.0,588719.0,22660062.0,24179.0,141085.0
495,2022-03-22,0.317121391854488,1.38065352864158,20742.0,590037.0,22840839.0,180777.0,141218.0
496,2022-03-23,0.309213127718466,1.38800803180275,20653.0,591389.0,22986399.0,145560.0,141319.0
497,2022-03-24,0.301107156979043,1.38673077412803,20654.0,592602.0,23135034.0,148635.0,141443.0
498,2022-03-25,0.294385132463424,1.37367316745362,20616.0,593988.0,23278605.0,143571.0,141564.0
499,2022-03-26,0.29280347963622,1.34579781050088,20532.0,594630.0,23418122.0,139517.0,141631.0
500,2022-03-27,0.293792012653223,0.0,20606.0,594814.0,23528296.0,110174.0,141672.0
501,2022-03-28,0.303084223013049,0.0,21073.0,595854.0,23557751.0,29455.0,141821.0
502,2022-03-29,0.304072756030051,0.0,21300.0,597352.0,23775231.0,217480.0,141985.0
503,2022-03-30,0.305654408857256,0.0,21688.0,598673.0,23944255.0,169024.0,142134.0
504,2022-03-31,0.306642941874259,0.0,21922.0,600034.0,24113566.0,169311.0,142273.0
505,2022-04-01,0.303875049426651,0.0,22066.0,601418.0,24262195.0,148629.0,142407.0
506,2022-04-02,0.301107156979043,0.0,22113.0,602269.0,24394309.0,132114.0,142475.0
507,2022-04-03,0.304270462633452,0.0,22251.0,602444.0,24496575.0,102266.0,142506.0
